{
  "coef_": [0.01885887419001178, 0.05105840835529893],
  "intercept_": -0.04941277762457601
}
